operation,a,b,result
add,10.0,5.0,15.0
power,2.0,3.0,8.0
add,2.0,3.0,5.0
add,2.0,3.0,5.0
add,2.0,3.0,5.0
multiply,4.0,5.0,20.0
add,2.0,3.0,5.0
add,2.0,3.0,5.0
add,2.0,3.0,5.0
multiply,4.0,5.0,20.0
add,2.0,3.0,5.0
add,2.0,3.0,5.0
add,2.0,3.0,5.0
multiply,4.0,5.0,20.0
add,2.0,3.0,5.0
add,2.0,3.0,5.0
add,2.0,3.0,5.0
multiply,4.0,5.0,20.0
add,2.0,3.0,5.0
add,2.0,3.0,5.0
add,2.0,3.0,5.0
multiply,4.0,5.0,20.0
add,2.0,3.0,5.0
add,2.0,3.0,5.0
add,2.0,3.0,5.0
multiply,4.0,5.0,20.0
add,2.0,3.0,5.0
add,2.0,3.0,5.0
add,2.0,3.0,5.0
multiply,4.0,5.0,20.0
add,2.0,3.0,5.0
add,2.0,3.0,5.0
add,2.0,3.0,5.0
multiply,4.0,5.0,20.0
add,2.0,3.0,5.0
add,2.0,3.0,5.0
add,2.0,3.0,5.0
multiply,4.0,5.0,20.0
add,2.0,3.0,5.0
add,2.0,3.0,5.0
add,2.0,3.0,5.0
multiply,4.0,5.0,20.0
add,2.0,3.0,5.0
add,2.0,3.0,5.0
add,2.0,3.0,5.0
multiply,4.0,5.0,20.0
add,2.0,3.0,5.0
add,2.0,3.0,5.0
add,2.0,3.0,5.0
multiply,4.0,5.0,20.0
add,2.0,3.0,5.0
add,2.0,3.0,5.0
add,2.0,3.0,5.0
multiply,4.0,5.0,20.0
add,2.0,3.0,5.0
add,2.0,3.0,5.0
add,2.0,3.0,5.0
multiply,4.0,5.0,20.0
add,2.0,3.0,5.0
add,2.0,3.0,5.0
add,2.0,3.0,5.0
multiply,4.0,5.0,20.0
add,2.0,3.0,5.0
add,2.0,3.0,5.0
add,2.0,3.0,5.0
multiply,4.0,5.0,20.0
add,2.0,3.0,5.0
add,2.0,3.0,5.0
add,2.0,3.0,5.0
multiply,4.0,5.0,20.0
add,2.0,3.0,5.0
add,2.0,3.0,5.0
add,2.0,3.0,5.0
multiply,4.0,5.0,20.0
add,2.0,3.0,5.0
add,2.0,3.0,5.0
add,2.0,3.0,5.0
multiply,4.0,5.0,20.0
add,2.0,3.0,5.0
add,2.0,3.0,5.0
add,2.0,3.0,5.0
multiply,4.0,5.0,20.0
add,2.0,3.0,5.0
add,2.0,3.0,5.0
add,2.0,3.0,5.0
multiply,4.0,5.0,20.0
